,mean_fit_time,std_fit_time,mean_score_time,std_score_time,param_tree__ccp_alpha,param_tree__max_depth,param_tree__max_leaf_nodes,param_tree__min_samples_split,params,split0_test_score,split1_test_score,split2_test_score,mean_test_score,std_test_score,rank_test_score,tree__max_depth,tree__min_samples_split,tree__max_leaf_nodes,tree__ccp_alpha
10,0.2012009620666504,0.0009495508336461863,0.037981112798055015,0.001480572981691774,0,51,100,6,"{'tree__ccp_alpha': 0, 'tree__max_depth': 51, 'tree__max_leaf_nodes': 100, 'tree__min_samples_split': 6}",0.9712110726643599,0.9714878892733564,0.9703806228373703,0.9710265282583621,0.0004704977636533091,1,51,6,100,0.0
76,0.23484325408935547,0.005953879046744618,0.030905644098917644,0.0017112713962431077,0,81,100,9,"{'tree__ccp_alpha': 0, 'tree__max_depth': 81, 'tree__max_leaf_nodes': 100, 'tree__min_samples_split': 9}",0.970795847750865,0.9716262975778547,0.9694117647058823,0.9706113033448673,0.0009134482063771079,2,81,9,100,0.0
103,0.23219005266825357,0.0018264296553999605,0.027237574259440105,0.001293975661740511,0,71,98,9,"{'tree__ccp_alpha': 0, 'tree__max_depth': 71, 'tree__max_leaf_nodes': 98, 'tree__min_samples_split': 9}",0.970795847750865,0.9713494809688581,0.9689965397923875,0.9703806228373701,0.0010044540280081651,3,71,9,98,0.0
147,0.2254621982574463,0.0007231428746652523,0.029303948084513348,2.6429953810876036e-06,0,93,96,9,"{'tree__ccp_alpha': 0, 'tree__max_depth': 93, 'tree__max_leaf_nodes': 96, 'tree__min_samples_split': 9}",0.9709342560553633,0.9712110726643599,0.9687197231833911,0.9702883506343714,0.001114929270919902,4,93,9,96,0.0
186,0.1790188948313395,0.004051067472030517,0.0303801695505778,0.00384241570978363,0,45,96,9,"{'tree__ccp_alpha': 0, 'tree__max_depth': 45, 'tree__max_leaf_nodes': 96, 'tree__min_samples_split': 9}",0.9705190311418685,0.9709342560553633,0.9692733564013841,0.9702422145328721,0.0007057466454799563,5,45,9,96,0.0
36,0.2475740909576416,0.0014630928390055966,0.040477752685546875,0.00032347910238689,1.7531203880011864e-05,75,99,7,"{'tree__ccp_alpha': 1.7531203880011864e-05, 'tree__max_depth': 75, 'tree__max_leaf_nodes': 99, 'tree__min_samples_split': 7}",0.970795847750865,0.9714878892733564,0.9684429065743945,0.9702422145328718,0.0013032938308489429,6,75,7,99,1.7531203880011864e-05
46,0.18993194897969565,0.00481362174862554,0.028243064880371094,0.0015359370830045713,0,46,94,3,"{'tree__ccp_alpha': 0, 'tree__max_depth': 46, 'tree__max_leaf_nodes': 94, 'tree__min_samples_split': 3}",0.9705190311418685,0.9703806228373703,0.9698269896193772,0.9702422145328718,0.0002989961106531896,6,46,3,94,0.0
166,0.21941542625427246,0.0037701705638615024,0.02742910385131836,0.002642633774987136,0,65,90,2,"{'tree__ccp_alpha': 0, 'tree__max_depth': 65, 'tree__max_leaf_nodes': 90, 'tree__min_samples_split': 2}",0.9706574394463667,0.970795847750865,0.9681660899653979,0.9698731257208766,0.0012083783948058898,8,65,2,90,0.0
195,0.21254523595174155,0.002445287636091158,0.029258171717325848,0.0008397160196595519,0,62,85,4,"{'tree__ccp_alpha': 0, 'tree__max_depth': 62, 'tree__max_leaf_nodes': 85, 'tree__min_samples_split': 4}",0.970242214532872,0.9705190311418685,0.9680276816608997,0.9695963091118801,0.0011149292709199021,9,62,4,85,0.0
181,0.17735830942789713,0.002931741338048311,0.027581214904785156,0.0015859343310983692,0,43,90,4,"{'tree__ccp_alpha': 0, 'tree__max_depth': 43, 'tree__max_leaf_nodes': 90, 'tree__min_samples_split': 4}",0.9692733564013841,0.9695501730103806,0.9684429065743945,0.9690888119953863,0.0004704977636533091,10,43,4,90,0.0
129,0.21168875694274902,0.0024210923487606993,0.028661251068115234,0.004476251091735084,0,100,82,10,"{'tree__ccp_alpha': 0, 'tree__max_depth': 100, 'tree__max_leaf_nodes': 82, 'tree__min_samples_split': 10}",0.9698269896193772,0.9698269896193772,0.9674740484429065,0.9690426758938869,0.001109187107743642,11,100,10,82,0.0
119,0.21190174420674643,0.00274435283272196,0.03077975908915202,0.001723802538154768,0,79,82,7,"{'tree__ccp_alpha': 0, 'tree__max_depth': 79, 'tree__max_leaf_nodes': 82, 'tree__min_samples_split': 7}",0.9698269896193772,0.9698269896193772,0.9674740484429065,0.9690426758938869,0.001109187107743642,11,79,7,82,0.0
157,0.21102507909138998,0.0020193973926675565,0.023062785466512043,0.0022313009300642434,1.2384323704879745e-05,71,81,6,"{'tree__ccp_alpha': 1.2384323704879745e-05, 'tree__max_depth': 71, 'tree__max_leaf_nodes': 81, 'tree__min_samples_split': 6}",0.9698269896193772,0.9698269896193772,0.96719723183391,0.9689504036908881,0.0012396797086546248,13,71,6,81,1.2384323704879745e-05
139,0.20745555559794107,0.0026505658039483646,0.028646389643351238,0.0006015465437578883,0,88,80,4,"{'tree__ccp_alpha': 0, 'tree__max_depth': 88, 'tree__max_leaf_nodes': 80, 'tree__min_samples_split': 4}",0.9695501730103806,0.9695501730103806,0.9673356401384083,0.9688119953863898,0.001043940807288072,14,88,4,80,0.0
1,0.17949914932250977,0.0026623414428672203,0.029069264729817707,0.0010769085150476921,0,43,85,5,"{'tree__ccp_alpha': 0, 'tree__max_depth': 43, 'tree__max_leaf_nodes': 85, 'tree__min_samples_split': 5}",0.9694117647058823,0.9689965397923875,0.9678892733564014,0.9687658592848903,0.0006426015352795189,15,43,5,85,0.0
56,0.1902017593383789,0.001565876937285051,0.028041601181030273,0.0007516755404034074,2.2821443541245995e-05,50,72,8,"{'tree__ccp_alpha': 2.2821443541245995e-05, 'tree__max_depth': 50, 'tree__max_leaf_nodes': 72, 'tree__min_samples_split': 8}",0.9701038062283737,0.9688581314878892,0.9669204152249135,0.9686274509803922,0.0013098103406300726,16,50,8,72,2.2821443541245995e-05
196,0.20433934529622397,0.0014616570015166788,0.028373559315999348,0.0007131763626660679,0,76,78,2,"{'tree__ccp_alpha': 0, 'tree__max_depth': 76, 'tree__max_leaf_nodes': 78, 'tree__min_samples_split': 2}",0.9694117647058823,0.9691349480968858,0.9670588235294117,0.9685351787773934,0.001050039831763877,17,76,2,78,0.0
131,0.20573027928670248,0.0014148813573765166,0.026799917221069336,0.0031735284637851775,0,86,77,8,"{'tree__ccp_alpha': 0, 'tree__max_depth': 86, 'tree__max_leaf_nodes': 77, 'tree__min_samples_split': 8}",0.9694117647058823,0.9691349480968858,0.9667820069204153,0.9684429065743944,0.0011798580717457053,18,86,8,77,0.0
105,0.2035671869913737,0.003294831775989027,0.027356942494710285,0.0017022492642969846,0,96,77,10,"{'tree__ccp_alpha': 0, 'tree__max_depth': 96, 'tree__max_leaf_nodes': 77, 'tree__min_samples_split': 10}",0.9694117647058823,0.9688581314878892,0.9669204152249135,0.9683967704728951,0.0010681279725757984,19,96,10,77,0.0
8,0.20543154080708823,0.0037181765668221956,0.03665876388549805,0.0009665773444315915,0,83,74,3,"{'tree__ccp_alpha': 0, 'tree__max_depth': 83, 'tree__max_leaf_nodes': 74, 'tree__min_samples_split': 3}",0.9692733564013841,0.9689965397923875,0.9665051903114187,0.9682583621683968,0.0012448200750387224,20,83,3,74,0.0
175,0.1953887939453125,0.00308110347797673,0.028748512268066406,0.0021850377250874483,0,81,74,5,"{'tree__ccp_alpha': 0, 'tree__max_depth': 81, 'tree__max_leaf_nodes': 74, 'tree__min_samples_split': 5}",0.9692733564013841,0.9691349480968858,0.9663667820069204,0.9682583621683968,0.0013387421571900524,20,81,5,74,0.0
33,0.20589470863342285,0.001918419428528128,0.04138024648030599,0.002592876373580083,0,78,75,6,"{'tree__ccp_alpha': 0, 'tree__max_depth': 78, 'tree__max_leaf_nodes': 75, 'tree__min_samples_split': 6}",0.9691349480968858,0.9689965397923875,0.966643598615917,0.9682583621683968,0.0011432075380266463,20,78,6,75,0.0
93,0.19691173235575357,0.0011770762730295536,0.027317126592000324,0.004159681947628541,0,80,74,9,"{'tree__ccp_alpha': 0, 'tree__max_depth': 80, 'tree__max_leaf_nodes': 74, 'tree__min_samples_split': 9}",0.9692733564013841,0.9689965397923875,0.9663667820069204,0.9682122260668974,0.0013098103406300923,23,80,9,74,0.0
154,0.17391117413838705,0.0018925886698067745,0.02773276964823405,0.0004269480256841818,0,43,73,8,"{'tree__ccp_alpha': 0, 'tree__max_depth': 43, 'tree__max_leaf_nodes': 73, 'tree__min_samples_split': 8}",0.9685813148788928,0.9683044982698962,0.9669204152249135,0.9679354094579008,0.0007265520529653587,24,43,8,73,0.0
44,0.19919776916503906,0.0004735639204071931,0.029482126235961914,0.001297656454390021,0,76,73,9,"{'tree__ccp_alpha': 0, 'tree__max_depth': 76, 'tree__max_leaf_nodes': 73, 'tree__min_samples_split': 9}",0.9687197231833911,0.9687197231833911,0.965674740484429,0.9677047289504038,0.0014354186100211774,25,76,9,73,0.0
168,0.19827008247375488,0.0033340526561363706,0.025297085444132488,0.0036753078070564022,5.243500969741553e-06,83,72,4,"{'tree__ccp_alpha': 5.243500969741553e-06, 'tree__max_depth': 83, 'tree__max_leaf_nodes': 72, 'tree__min_samples_split': 4}",0.9683044982698962,0.9685813148788928,0.9658131487889273,0.9675663206459054,0.0012448200750387224,26,83,4,72,5.243500969741553e-06
152,0.1950040658315023,0.001153196965550756,0.026217301686604817,0.0015836664692785625,0,91,72,7,"{'tree__ccp_alpha': 0, 'tree__max_depth': 91, 'tree__max_leaf_nodes': 72, 'tree__min_samples_split': 7}",0.9683044982698962,0.9685813148788928,0.965674740484429,0.9675201845444059,0.0013098103406300923,27,91,7,72,0.0
64,0.19626458485921225,0.003058536981565734,0.027890682220458984,0.0008726488906413638,3.39417471979532e-05,62,71,5,"{'tree__ccp_alpha': 3.39417471979532e-05, 'tree__max_depth': 62, 'tree__max_leaf_nodes': 71, 'tree__min_samples_split': 5}",0.9683044982698962,0.9684429065743945,0.965674740484429,0.9674740484429064,0.001273556977332634,28,62,5,71,3.39417471979532e-05
78,0.19505627950032553,0.0034087470948968098,0.025901158650716145,0.0015106695151507372,0,76,71,6,"{'tree__ccp_alpha': 0, 'tree__max_depth': 76, 'tree__max_leaf_nodes': 71, 'tree__min_samples_split': 6}",0.9683044982698962,0.9684429065743945,0.965674740484429,0.9674740484429064,0.001273556977332634,28,76,6,71,0.0
127,0.18583011627197266,0.00427745896796318,0.028754313786824543,0.004367186033420586,0,100,66,4,"{'tree__ccp_alpha': 0, 'tree__max_depth': 100, 'tree__max_leaf_nodes': 66, 'tree__min_samples_split': 4}",0.9688581314878892,0.9678892733564014,0.9653979238754326,0.9673817762399076,0.0014574919491516579,30,100,4,66,0.0
197,0.19333934783935547,0.004124309883868889,0.026348272959391277,0.0029778949558068846,0,87,70,7,"{'tree__ccp_alpha': 0, 'tree__max_depth': 87, 'tree__max_leaf_nodes': 70, 'tree__min_samples_split': 7}",0.9684429065743945,0.9681660899653979,0.965121107266436,0.9672433679354094,0.0015049140881476474,31,87,7,70,0.0
118,0.17387151718139648,0.002229255643576083,0.026976982752482098,0.0014056836235875117,0.00019812947069003254,42,70,10,"{'tree__ccp_alpha': 0.00019812947069003254, 'tree__max_depth': 42, 'tree__max_leaf_nodes': 70, 'tree__min_samples_split': 10}",0.9681660899653979,0.9676124567474048,0.9659515570934256,0.9672433679354094,0.0009409955273066036,31,42,10,70,0.00019812947069003254
162,0.1847996711730957,0.0024337012974675687,0.028253793716430664,0.001059698269382498,0,65,65,9,"{'tree__ccp_alpha': 0, 'tree__max_depth': 65, 'tree__max_leaf_nodes': 65, 'tree__min_samples_split': 9}",0.9688581314878892,0.9677508650519031,0.9649826989619377,0.9671972318339099,0.0016298520629901545,33,65,9,65,0.0
57,0.20113643010457358,0.01338652203307216,0.035624027252197266,0.010846015584830037,0,85,66,3,"{'tree__ccp_alpha': 0, 'tree__max_depth': 85, 'tree__max_leaf_nodes': 66, 'tree__min_samples_split': 3}",0.9688581314878892,0.9678892733564014,0.9647058823529412,0.9671510957324106,0.0017736916066196935,34,85,3,66,0.0
12,0.1924623648325602,0.004765247678025653,0.0359497865041097,0.0030227465966168993,0,64,66,6,"{'tree__ccp_alpha': 0, 'tree__max_depth': 64, 'tree__max_leaf_nodes': 66, 'tree__min_samples_split': 6}",0.9689965397923875,0.9678892733564014,0.9644290657439446,0.9671049596309111,0.0019453904168219775,35,64,6,66,0.0
27,0.1937421957651774,0.004815597875724066,0.035998264948527016,0.003985143175290181,0,79,65,2,"{'tree__ccp_alpha': 0, 'tree__max_depth': 79, 'tree__max_leaf_nodes': 65, 'tree__min_samples_split': 2}",0.9688581314878892,0.9677508650519031,0.9645674740484429,0.9670588235294119,0.0018187223385861082,36,79,2,65,0.0
155,0.1789213021596273,0.0013929158219534122,0.02467799186706543,0.003826721676252204,0,97,62,2,"{'tree__ccp_alpha': 0, 'tree__max_depth': 97, 'tree__max_leaf_nodes': 62, 'tree__min_samples_split': 2}",0.9684429065743945,0.9681660899653979,0.9645674740484429,0.9670588235294119,0.0017652711852095924,36,97,2,62,0.0
183,0.17981266975402832,0.0004955536140947287,0.02811264991760254,0.002569558696403497,0,69,61,4,"{'tree__ccp_alpha': 0, 'tree__max_depth': 69, 'tree__max_leaf_nodes': 61, 'tree__min_samples_split': 4}",0.9685813148788928,0.9676124567474048,0.9642906574394464,0.9668281430219147,0.0018373525030440296,38,69,4,61,0.0
98,0.17773199081420898,0.0022713095900770085,0.028810580571492512,0.0011105311914988794,6.235579764873462e-06,46,59,8,"{'tree__ccp_alpha': 6.235579764873462e-06, 'tree__max_depth': 46, 'tree__max_leaf_nodes': 59, 'tree__min_samples_split': 8}",0.9684429065743945,0.9674740484429065,0.9640138408304498,0.9666435986159169,0.0019011209022409621,39,46,8,59,6.235579764873462e-06
133,0.16300384203592935,0.0026329289956411144,0.03041418393452962,0.0010547371769080419,1.3526113879542326e-05,38,83,9,"{'tree__ccp_alpha': 1.3526113879542326e-05, 'tree__max_depth': 38, 'tree__max_leaf_nodes': 83, 'tree__min_samples_split': 9}",0.96719723183391,0.96719723183391,0.965121107266436,0.9665051903114187,0.0009786945068326067,40,38,9,83,1.3526113879542326e-05
189,0.17093610763549805,0.0008962492971510115,0.02626212437947591,0.004422026509920258,0,96,56,6,"{'tree__ccp_alpha': 0, 'tree__max_depth': 96, 'tree__max_leaf_nodes': 56, 'tree__min_samples_split': 6}",0.9673356401384083,0.9663667820069204,0.9633217993079585,0.9656747404844291,0.0017101502184868047,41,96,6,56,0.0
20,0.18742911020914713,0.005371479692906806,0.04077498118082682,0.001966578441443817,0,94,56,4,"{'tree__ccp_alpha': 0, 'tree__max_depth': 94, 'tree__max_leaf_nodes': 56, 'tree__min_samples_split': 4}",0.9673356401384083,0.9659515570934256,0.9633217993079585,0.9655363321799308,0.0016647398895196202,42,94,4,56,0.0
125,0.20310274759928384,0.002095015283027236,0.0311734676361084,0.002062174538299891,0.0006836484037465606,63,78,6,"{'tree__ccp_alpha': 0.0006836484037465606, 'tree__max_depth': 63, 'tree__max_leaf_nodes': 78, 'tree__min_samples_split': 6}",0.9662283737024221,0.9673356401384083,0.9623529411764706,0.9653056516724337,0.002136255945151581,43,63,6,78,0.0006836484037465606
146,0.17135961850484213,0.006709769179585397,0.03068399429321289,0.005649572449196495,0,50,55,10,"{'tree__ccp_alpha': 0, 'tree__max_depth': 50, 'tree__max_leaf_nodes': 55, 'tree__min_samples_split': 10}",0.9663667820069204,0.965674740484429,0.9631833910034602,0.9650749711649365,0.0013670618122287482,44,50,10,55,0.0
170,0.17293453216552734,0.0053163457345019125,0.030353625615437824,0.0009779664749549547,0,67,55,2,"{'tree__ccp_alpha': 0, 'tree__max_depth': 67, 'tree__max_leaf_nodes': 55, 'tree__min_samples_split': 2}",0.9663667820069204,0.965674740484429,0.9631833910034602,0.9650749711649365,0.0013670618122287482,44,67,2,55,0.0
23,0.17880868911743164,0.001327510081023913,0.03906869888305664,0.0024018399917590623,0,93,55,8,"{'tree__ccp_alpha': 0, 'tree__max_depth': 93, 'tree__max_leaf_nodes': 55, 'tree__min_samples_split': 8}",0.9662283737024221,0.965674740484429,0.9630449826989619,0.9649826989619377,0.0013886889913072625,46,93,8,55,0.0
130,0.1727755864461263,0.0013209765257778258,0.029208660125732422,0.0033422563132989784,0,58,54,5,"{'tree__ccp_alpha': 0, 'tree__max_depth': 58, 'tree__max_leaf_nodes': 54, 'tree__min_samples_split': 5}",0.9659515570934256,0.965121107266436,0.9624913494809688,0.9645213379469434,0.0014749127901403454,47,58,5,54,0.0
22,0.18136191368103027,0.004720421556384953,0.03706137339274088,0.0014594787212479153,0,57,54,5,"{'tree__ccp_alpha': 0, 'tree__max_depth': 57, 'tree__max_leaf_nodes': 54, 'tree__min_samples_split': 5}",0.9658131487889273,0.965121107266436,0.9624913494809688,0.964475201845444,0.0014309630836697531,48,57,5,54,0.0
38,0.17751590410868326,0.002253673831382724,0.03752581278483073,0.0003828617532924429,0,52,54,9,"{'tree__ccp_alpha': 0, 'tree__max_depth': 52, 'tree__max_leaf_nodes': 54, 'tree__min_samples_split': 9}",0.9658131487889273,0.965121107266436,0.9623529411764706,0.9644290657439446,0.001494980553265914,49,52,9,54,0.0
113,0.168777863184611,0.0038282633615629087,0.030458768208821613,0.0014508769998643836,0,74,53,3,"{'tree__ccp_alpha': 0, 'tree__max_depth': 74, 'tree__max_leaf_nodes': 53, 'tree__min_samples_split': 3}",0.9653979238754326,0.9653979238754326,0.9619377162629758,0.9642445213379469,0.0016311575113876777,50,74,3,53,0.0
199,0.1663224697113037,0.0020400029149538635,0.02543958028157552,0.0028309218254579786,0,65,52,7,"{'tree__ccp_alpha': 0, 'tree__max_depth': 65, 'tree__max_leaf_nodes': 52, 'tree__min_samples_split': 7}",0.9644290657439446,0.9647058823529412,0.9612456747404844,0.9634602076124567,0.0015699838087357525,51,65,7,52,0.0
123,0.153959592183431,0.002369977435565784,0.028675397237141926,0.0006467945937190148,0,35,58,4,"{'tree__ccp_alpha': 0, 'tree__max_depth': 35, 'tree__max_leaf_nodes': 58, 'tree__min_samples_split': 4}",0.9648442906574395,0.9638754325259515,0.961522491349481,0.9634140715109574,0.001394806593571492,52,35,4,58,0.0
165,0.16411487261454263,0.003069392591485285,0.028095801671346027,0.0009338059729718059,0,90,51,2,"{'tree__ccp_alpha': 0, 'tree__max_depth': 90, 'tree__max_leaf_nodes': 51, 'tree__min_samples_split': 2}",0.9640138408304498,0.9642906574394464,0.9606920415224913,0.9629988465974625,0.001635067602922227,53,90,2,51,0.0
45,0.16756606101989746,0.001611826836443003,0.031147082646687824,0.002308287093551803,0,64,51,5,"{'tree__ccp_alpha': 0, 'tree__max_depth': 64, 'tree__max_leaf_nodes': 51, 'tree__min_samples_split': 5}",0.9638754325259515,0.9642906574394464,0.9606920415224913,0.962952710495963,0.0016074972447690508,54,64,5,51,0.0
177,0.16662748654683432,0.00867186257254129,0.028808434804280598,0.003563862787139949,0.0002935483043121598,75,50,2,"{'tree__ccp_alpha': 0.0002935483043121598, 'tree__max_depth': 75, 'tree__max_leaf_nodes': 50, 'tree__min_samples_split': 2}",0.9631833910034602,0.9640138408304498,0.9598615916955018,0.9623529411764705,0.0017939766639191034,55,75,2,50,0.0002935483043121598
34,0.15848271052042642,0.0022966315632921733,0.03897396723429362,0.0012822942982009253,0,30,62,4,"{'tree__ccp_alpha': 0, 'tree__max_depth': 30, 'tree__max_leaf_nodes': 62, 'tree__min_samples_split': 4}",0.9623529411764706,0.9594463667820069,0.9582006920415225,0.96,0.001739765410377404,56,30,4,62,0.0
80,0.1568150520324707,0.002097499804150077,0.027217308680216473,0.002064333498830908,0,94,44,8,"{'tree__ccp_alpha': 0, 'tree__max_depth': 94, 'tree__max_leaf_nodes': 44, 'tree__min_samples_split': 8}",0.9612456747404844,0.9606920415224913,0.9572318339100346,0.9597231833910035,0.0017760901088738012,57,94,8,44,0.0
86,0.15144054094950357,0.0010612385697086626,0.026815096537272137,0.0009466389859193485,0,27,97,5,"{'tree__ccp_alpha': 0, 'tree__max_depth': 27, 'tree__max_leaf_nodes': 97, 'tree__min_samples_split': 5}",0.9595847750865052,0.9598615916955018,0.9588927335640138,0.9594463667820069,0.0004074630157475575,58,27,5,97,0.0
25,0.14778804779052734,0.0020322572096581576,0.03476174672444662,0.003246050899125563,3.683216861661687e-05,27,60,8,"{'tree__ccp_alpha': 3.683216861661687e-05, 'tree__max_depth': 27, 'tree__max_leaf_nodes': 60, 'tree__min_samples_split': 8}",0.9588927335640138,0.9584775086505191,0.9570934256055363,0.958154555940023,0.0007692425375101737,59,27,8,60,3.683216861661687e-05
42,0.15339899063110352,0.0015476005918703434,0.03916327158610026,0.0034876204979086057,4.486484257824409e-06,54,39,8,"{'tree__ccp_alpha': 4.486484257824409e-06, 'tree__max_depth': 54, 'tree__max_leaf_nodes': 39, 'tree__min_samples_split': 8}",0.9584775086505191,0.9565397923875433,0.9541868512110727,0.956401384083045,0.001754385544805669,60,54,8,39,4.486484257824409e-06
4,0.14439988136291504,0.0028276700594410155,0.026673634847005207,0.0025998314307912065,5.1125115395064234e-06,69,39,10,"{'tree__ccp_alpha': 5.1125115395064234e-06, 'tree__max_depth': 69, 'tree__max_leaf_nodes': 39, 'tree__min_samples_split': 10}",0.9584775086505191,0.9565397923875433,0.9541868512110727,0.956401384083045,0.001754385544805669,60,69,10,39,5.1125115395064234e-06
90,0.1351195971171061,0.0007051607808199515,0.026654402414957683,0.0013311954609803549,0,27,44,4,"{'tree__ccp_alpha': 0, 'tree__max_depth': 27, 'tree__max_leaf_nodes': 44, 'tree__min_samples_split': 4}",0.9568166089965398,0.9566782006920416,0.9546020761245675,0.9560322952710495,0.0010128949665559395,62,27,4,44,0.0
142,0.14733052253723145,0.008314078605317249,0.023528893788655598,0.003542930598047002,2.2757729876346962e-05,53,38,4,"{'tree__ccp_alpha': 2.2757729876346962e-05, 'tree__max_depth': 53, 'tree__max_leaf_nodes': 38, 'tree__min_samples_split': 4}",0.9573702422145328,0.9558477508650519,0.9534948096885814,0.9555709342560554,0.0015942009267054748,63,53,4,38,2.2757729876346962e-05
14,0.14675823847452799,0.0038253411389954743,0.0373082160949707,0.003400628591038849,1.4124410607686092e-06,60,37,2,"{'tree__ccp_alpha': 1.4124410607686092e-06, 'tree__max_depth': 60, 'tree__max_leaf_nodes': 37, 'tree__min_samples_split': 2}",0.9566782006920416,0.9546020761245675,0.9533564013840831,0.954878892733564,0.0013701723095656411,64,60,2,37,1.4124410607686092e-06
184,0.14338946342468262,0.004462419259613738,0.029870033264160156,0.003431528673346438,1.2014774930981433e-05,68,37,3,"{'tree__ccp_alpha': 1.2014774930981433e-05, 'tree__max_depth': 68, 'tree__max_leaf_nodes': 37, 'tree__min_samples_split': 3}",0.9566782006920416,0.9546020761245675,0.9533564013840831,0.954878892733564,0.0013701723095656411,64,68,3,37,1.2014774930981433e-05
174,0.14159735043843588,0.00034776253701239657,0.02698373794555664,0.002355886386076112,0,90,37,7,"{'tree__ccp_alpha': 0, 'tree__max_depth': 90, 'tree__max_leaf_nodes': 37, 'tree__min_samples_split': 7}",0.9566782006920416,0.9546020761245675,0.9533564013840831,0.954878892733564,0.0013701723095656411,64,90,7,37,0.0
117,0.1333471934000651,0.0025469654881099444,0.0270235538482666,0.0013253261418939006,0,25,48,2,"{'tree__ccp_alpha': 0, 'tree__max_depth': 25, 'tree__max_leaf_nodes': 48, 'tree__min_samples_split': 2}",0.9558477508650519,0.9551557093425606,0.9532179930795848,0.9547404844290658,0.0011130185081259418,67,25,2,48,0.0
100,0.15377219518025717,0.003451107366829098,0.030765215555826824,0.0016091376104786323,0.0010286991244878843,29,88,5,"{'tree__ccp_alpha': 0.0010286991244878843, 'tree__max_depth': 29, 'tree__max_leaf_nodes': 88, 'tree__min_samples_split': 5}",0.9555709342560553,0.9551557093425606,0.9521107266435986,0.9542791234140715,0.0015426300804890678,68,29,5,88,0.0010286991244878843
134,0.1353154977162679,0.0009832107846086816,0.03228131930033366,0.0015541381519334557,0,47,36,2,"{'tree__ccp_alpha': 0, 'tree__max_depth': 47, 'tree__max_leaf_nodes': 36, 'tree__min_samples_split': 2}",0.9562629757785467,0.9540484429065744,0.9523875432525951,0.954232987312572,0.0015875110066053326,69,47,2,36,0.0
18,0.14324140548706055,0.0029056107612148645,0.038638035456339516,0.0004284843479984802,2.5696225356650907e-06,24,59,6,"{'tree__ccp_alpha': 2.5696225356650907e-06, 'tree__max_depth': 24, 'tree__max_leaf_nodes': 59, 'tree__min_samples_split': 6}",0.9552941176470588,0.9537716262975778,0.9516955017301038,0.95358708189158,0.001474912790140357,70,24,6,59,2.5696225356650907e-06
65,0.14059138298034668,0.0009784035221780702,0.029202938079833984,0.0033770847811739678,0,97,35,7,"{'tree__ccp_alpha': 0, 'tree__max_depth': 97, 'tree__max_leaf_nodes': 35, 'tree__min_samples_split': 7}",0.9550173010380623,0.95280276816609,0.9521107266435986,0.9533102652825836,0.0012396797086545945,71,97,7,35,0.0
5,0.13136768341064453,0.0064327689772859025,0.02568229039510091,0.003372584006265543,2.2207269022742952e-05,24,55,5,"{'tree__ccp_alpha': 2.2207269022742952e-05, 'tree__max_depth': 24, 'tree__max_leaf_nodes': 55, 'tree__min_samples_split': 5}",0.9546020761245675,0.9530795847750865,0.951833910034602,0.9531718569780853,0.0011319810054334942,72,24,5,55,2.2207269022742952e-05
54,0.1393439769744873,0.00038530630775029576,0.02881797154744466,0.0011516559707946577,0,49,34,2,"{'tree__ccp_alpha': 0, 'tree__max_depth': 49, 'tree__max_leaf_nodes': 34, 'tree__min_samples_split': 2}",0.9541868512110727,0.9519723183391003,0.9514186851211073,0.9525259515570935,0.0011959844426127756,73,49,2,34,0.0
55,0.13611221313476562,0.0029440403701588127,0.030356963475545246,0.002249053375278551,0,93,33,8,"{'tree__ccp_alpha': 0, 'tree__max_depth': 93, 'tree__max_leaf_nodes': 33, 'tree__min_samples_split': 8}",0.9536332179930795,0.9519723183391003,0.9503114186851211,0.9519723183391005,0.001356118888738058,74,93,8,33,0.0
187,0.1364750067392985,0.0032941094466171932,0.027209122975667317,0.002987639170346581,0,76,32,10,"{'tree__ccp_alpha': 0, 'tree__max_depth': 76, 'tree__max_leaf_nodes': 32, 'tree__min_samples_split': 10}",0.9526643598615917,0.9507266435986159,0.9498961937716263,0.9510957324106113,0.0011598436069182655,75,76,10,32,0.0
140,0.13204058011372885,0.0039194353093052366,0.029910484949747723,0.003028907978405358,4.338709867381886e-05,37,32,7,"{'tree__ccp_alpha': 4.338709867381886e-05, 'tree__max_depth': 37, 'tree__max_leaf_nodes': 32, 'tree__min_samples_split': 7}",0.9526643598615917,0.9507266435986159,0.9498961937716263,0.9510957324106113,0.0011598436069182655,75,37,7,32,4.338709867381886e-05
99,0.13863690694173178,0.005449785281861046,0.02912418047587077,0.003104399123368159,0,48,32,5,"{'tree__ccp_alpha': 0, 'tree__max_depth': 48, 'tree__max_leaf_nodes': 32, 'tree__min_samples_split': 5}",0.9526643598615917,0.9507266435986159,0.9498961937716263,0.9510957324106113,0.0011598436069182655,75,48,5,32,0.0
0,0.12546213467915854,0.0010392689351777311,0.02933049201965332,0.00030706875285657864,0,26,31,9,"{'tree__ccp_alpha': 0, 'tree__max_depth': 26, 'tree__max_leaf_nodes': 31, 'tree__min_samples_split': 9}",0.9516955017301038,0.9510034602076125,0.9490657439446367,0.9505882352941176,0.001113018508125905,78,26,9,31,0.0
31,0.14123217264811197,0.0016490059463956453,0.037861267725626625,0.00018880085457230347,8.758743152461373e-05,48,31,9,"{'tree__ccp_alpha': 8.758743152461373e-05, 'tree__max_depth': 48, 'tree__max_leaf_nodes': 31, 'tree__min_samples_split': 9}",0.951833910034602,0.9498961937716263,0.9500346020761246,0.9505882352941176,0.0008826355926047962,78,48,9,31,8.758743152461373e-05
50,0.13466405868530273,0.001882969270538554,0.028629144032796223,0.0001933849855799238,1.0783546963654419e-06,37,30,6,"{'tree__ccp_alpha': 1.0783546963654419e-06, 'tree__max_depth': 37, 'tree__max_leaf_nodes': 30, 'tree__min_samples_split': 6}",0.951833910034602,0.9497577854671281,0.9494809688581315,0.9503575547866205,0.0010500398317638557,80,37,6,30,1.0783546963654419e-06
151,0.13022343317667642,0.003250123564703518,0.028670708338419598,0.001787210799127281,0,81,30,10,"{'tree__ccp_alpha': 0, 'tree__max_depth': 81, 'tree__max_leaf_nodes': 30, 'tree__min_samples_split': 10}",0.951833910034602,0.9497577854671281,0.9494809688581315,0.9503575547866205,0.0010500398317638557,80,81,10,30,0.0
37,0.1448360284169515,0.0029604942689956722,0.03798651695251465,0.0005742701693137195,0,21,97,7,"{'tree__ccp_alpha': 0, 'tree__max_depth': 21, 'tree__max_leaf_nodes': 97, 'tree__min_samples_split': 7}",0.9503114186851211,0.9498961937716263,0.9493425605536332,0.949850057670127,0.0003968777516513547,82,21,7,97,0.0
75,0.14446894327799478,0.0036024004953187213,0.02553725242614746,0.0029548457235319416,0.0009649686009363631,24,86,3,"{'tree__ccp_alpha': 0.0009649686009363631, 'tree__max_depth': 24, 'tree__max_leaf_nodes': 86, 'tree__min_samples_split': 3}",0.9493425605536332,0.9496193771626298,0.9454671280276816,0.9481430219146482,0.0018955145175708744,83,24,3,86,0.0009649686009363631
61,0.17087348302205405,0.029035151653940033,0.03786857922871908,0.006750545341760131,0,25,29,8,"{'tree__ccp_alpha': 0, 'tree__max_depth': 25, 'tree__max_leaf_nodes': 29, 'tree__min_samples_split': 8}",0.9489273356401384,0.9485121107266437,0.9468512110726643,0.9480968858131488,0.000896988331959586,84,25,8,29,0.0
35,0.14047559102376303,0.002790578651165281,0.039220968882242836,0.0015864109292497836,0,51,28,10,"{'tree__ccp_alpha': 0, 'tree__max_depth': 51, 'tree__max_leaf_nodes': 28, 'tree__min_samples_split': 10}",0.9493425605536332,0.9472664359861591,0.9472664359861591,0.9479584775086506,0.0009786945068326067,85,51,10,28,0.0
82,0.13072959582010904,0.005088719717179674,0.028217236200968426,0.0024176840712832205,0.0020104852440524738,39,28,8,"{'tree__ccp_alpha': 0.0020104852440524738, 'tree__max_depth': 39, 'tree__max_leaf_nodes': 28, 'tree__min_samples_split': 8}",0.9493425605536332,0.9472664359861591,0.9472664359861591,0.9479584775086506,0.0009786945068326067,85,39,8,28,0.0020104852440524738
150,0.12484947840372722,0.006425784856573179,0.029273271560668945,0.0029431394579741907,0,81,27,4,"{'tree__ccp_alpha': 0, 'tree__max_depth': 81, 'tree__max_leaf_nodes': 27, 'tree__min_samples_split': 4}",0.947681660899654,0.9460207612456747,0.9454671280276816,0.9463898500576701,0.0009409955273066544,87,81,4,27,0.0
161,0.12010717391967773,0.003074821372459475,0.028808037439982098,0.005177912112958471,0,19,65,3,"{'tree__ccp_alpha': 0, 'tree__max_depth': 19, 'tree__max_leaf_nodes': 65, 'tree__min_samples_split': 3}",0.9443598615916955,0.9472664359861591,0.9438062283737024,0.9451441753171856,0.0015175902379144877,88,19,3,65,0.0
109,0.12390724817911784,0.0015313845679612796,0.029024839401245117,0.0011404733230675427,0,36,26,5,"{'tree__ccp_alpha': 0, 'tree__max_depth': 36, 'tree__max_leaf_nodes': 26, 'tree__min_samples_split': 5}",0.9462975778546713,0.9447750865051903,0.9432525951557094,0.9447750865051904,0.0012431089813432425,89,36,5,26,0.0
108,0.12748018900553384,0.0028668202655376404,0.0266263484954834,0.0014809947652038044,0,75,26,7,"{'tree__ccp_alpha': 0, 'tree__max_depth': 75, 'tree__max_leaf_nodes': 26, 'tree__min_samples_split': 7}",0.9462975778546713,0.9447750865051903,0.9432525951557094,0.9447750865051904,0.0012431089813432425,89,75,7,26,0.0
179,0.12055810292561848,0.0020128452106730654,0.028944969177246094,0.0013954845481584047,0,29,25,2,"{'tree__ccp_alpha': 0, 'tree__max_depth': 29, 'tree__max_leaf_nodes': 25, 'tree__min_samples_split': 2}",0.9450519031141869,0.9421453287197232,0.9411764705882353,0.9427912341407151,0.001646742172786596,91,29,2,25,0.0
122,0.11438496907552083,0.0016679692037992828,0.025987704594930012,0.004189646096160412,0,20,28,5,"{'tree__ccp_alpha': 0, 'tree__max_depth': 20, 'tree__max_leaf_nodes': 28, 'tree__min_samples_split': 5}",0.9433910034602077,0.9433910034602077,0.9399307958477509,0.9422376009227221,0.0016311575113876777,92,20,5,28,0.0
158,0.12271181742350261,0.002616751420494632,0.02609864870707194,0.0007747510767730177,1.1113692239596328e-05,97,24,7,"{'tree__ccp_alpha': 1.1113692239596328e-05, 'tree__max_depth': 97, 'tree__max_leaf_nodes': 24, 'tree__min_samples_split': 7}",0.9431141868512111,0.941038062283737,0.9399307958477509,0.941361014994233,0.001319524765497129,93,97,7,24,1.1113692239596328e-05
66,0.12265443801879883,0.0022919770389577226,0.03204647699991862,0.001285207070770157,0,64,24,9,"{'tree__ccp_alpha': 0, 'tree__max_depth': 64, 'tree__max_leaf_nodes': 24, 'tree__min_samples_split': 9}",0.9431141868512111,0.941038062283737,0.9399307958477509,0.941361014994233,0.001319524765497129,93,64,9,24,0.0
137,0.12151980400085449,0.00271652461306793,0.024811744689941406,0.002537854543690962,0.0005005709403901577,81,24,7,"{'tree__ccp_alpha': 0.0005005709403901577, 'tree__max_depth': 81, 'tree__max_leaf_nodes': 24, 'tree__min_samples_split': 7}",0.9431141868512111,0.941038062283737,0.9399307958477509,0.941361014994233,0.001319524765497129,93,81,7,24,0.0005005709403901577
121,0.1277343432108561,0.004438207159022552,0.023981094360351562,0.0031939160880919805,0.0009786325435072651,19,67,3,"{'tree__ccp_alpha': 0.0009786325435072651, 'tree__max_depth': 19, 'tree__max_leaf_nodes': 67, 'tree__min_samples_split': 3}",0.9403460207612456,0.9428373702422145,0.9384083044982698,0.9405305651672432,0.0018128611491938643,96,19,3,67,0.0009786325435072651
111,0.11898088455200195,0.0008535705681150308,0.02781987190246582,0.0017655579579256334,0,51,23,10,"{'tree__ccp_alpha': 0, 'tree__max_depth': 51, 'tree__max_leaf_nodes': 23, 'tree__min_samples_split': 10}",0.94159169550173,0.9388235294117647,0.938961937716263,0.9397923875432527,0.0012735569773325817,97,51,10,23,0.0
180,0.11584862073262532,0.0017059707112801348,0.02701226870218913,0.001276627375666001,0,17,51,6,"{'tree__ccp_alpha': 0, 'tree__max_depth': 17, 'tree__max_leaf_nodes': 51, 'tree__min_samples_split': 6}",0.9391003460207612,0.9393771626297578,0.9385467128027681,0.9390080738177624,0.0003452509699445502,98,17,6,51,0.0
91,0.1123357613881429,0.002644430087992464,0.02579943339029948,0.003720152950973108,0.0002516841396427162,17,32,3,"{'tree__ccp_alpha': 0.0002516841396427162, 'tree__max_depth': 17, 'tree__max_leaf_nodes': 32, 'tree__min_samples_split': 3}",0.938961937716263,0.9393771626297578,0.9375778546712803,0.9386389850057671,0.0007692425375101737,99,17,3,32,0.0002516841396427162
3,0.11484122276306152,0.0008762799321026897,0.027574618657430012,0.0001449470365606903,0,33,22,6,"{'tree__ccp_alpha': 0, 'tree__max_depth': 33, 'tree__max_leaf_nodes': 22, 'tree__min_samples_split': 6}",0.9399307958477509,0.9373010380622837,0.937439446366782,0.9382237600922722,0.0012083783948058898,100,33,6,22,0.0
79,0.11795576413472493,0.002919955016131664,0.02651357650756836,0.003392795940831848,0,49,22,9,"{'tree__ccp_alpha': 0, 'tree__max_depth': 49, 'tree__max_leaf_nodes': 22, 'tree__min_samples_split': 9}",0.9399307958477509,0.9373010380622837,0.937439446366782,0.9382237600922722,0.0012083783948058898,100,49,9,22,0.0
74,0.11374107996622722,0.008695361470328412,0.028587182362874348,0.0033552561298449985,0,18,23,10,"{'tree__ccp_alpha': 0, 'tree__max_depth': 18, 'tree__max_leaf_nodes': 23, 'tree__min_samples_split': 10}",0.9382698961937717,0.9373010380622837,0.9367474048442906,0.937439446366782,0.0006292125350397375,102,18,10,23,0.0
149,0.11264276504516602,0.004738931040278677,0.02779849370320638,0.004258556983090363,0,89,21,9,"{'tree__ccp_alpha': 0, 'tree__max_depth': 89, 'tree__max_leaf_nodes': 21, 'tree__min_samples_split': 9}",0.9382698961937717,0.9366089965397923,0.9355017301038062,0.9367935409457901,0.0011376081205017917,103,89,9,21,0.0
87,0.11966784795125325,0.0025161126483782266,0.026368141174316406,0.0020310856877390673,0.003473267375563543,27,22,3,"{'tree__ccp_alpha': 0.003473267375563543, 'tree__max_depth': 27, 'tree__max_leaf_nodes': 22, 'tree__min_samples_split': 3}",0.9356401384083045,0.9353633217993079,0.9355017301038062,0.9355017301038062,0.00011300990739486084,104,27,3,22,0.003473267375563543
19,0.1243747075398763,0.003342466923743821,0.0354309876759847,0.0030254425019459893,0,77,20,4,"{'tree__ccp_alpha': 0, 'tree__max_depth': 77, 'tree__max_leaf_nodes': 20, 'tree__min_samples_split': 4}",0.9356401384083045,0.9353633217993079,0.9342560553633218,0.9350865051903114,0.0005979922213063792,105,77,4,20,0.0
145,0.14216144879659018,0.0026177317721717335,0.029799620310465496,0.002015037744429354,0.004018759304757811,67,37,9,"{'tree__ccp_alpha': 0.004018759304757811, 'tree__max_depth': 67, 'tree__max_leaf_nodes': 37, 'tree__min_samples_split': 9}",0.9342560553633218,0.9353633217993079,0.9342560553633218,0.9346251441753172,0.000521970403644036,106,67,9,37,0.004018759304757811
21,0.2875909010569255,0.009637944002702603,0.048882087071736656,0.007466634367503811,0.004129461442056168,88,91,3,"{'tree__ccp_alpha': 0.004129461442056168, 'tree__max_depth': 88, 'tree__max_leaf_nodes': 91, 'tree__min_samples_split': 3}",0.9342560553633218,0.9353633217993079,0.9342560553633218,0.9346251441753172,0.000521970403644036,106,88,3,91,0.004129461442056168
112,0.11566837628682454,0.0014968318835281485,0.027639468510945637,0.0013281959638419183,0,16,43,8,"{'tree__ccp_alpha': 0, 'tree__max_depth': 16, 'tree__max_leaf_nodes': 43, 'tree__min_samples_split': 8}",0.9346712802768166,0.9349480968858132,0.9330103806228374,0.9342099192618223,0.0008556972083502328,108,16,8,43,0.0
97,0.12001633644104004,0.0015385164518205965,0.02782440185546875,0.0004026646293337871,0,16,61,2,"{'tree__ccp_alpha': 0, 'tree__max_depth': 16, 'tree__max_leaf_nodes': 61, 'tree__min_samples_split': 2}",0.9339792387543253,0.9353633217993079,0.9328719723183391,0.9340715109573242,0.0010191797939734445,109,16,2,61,0.0
156,0.1887838045756022,0.0017271450017598566,0.030089298884073894,0.00032220236057013435,0.004520910745595718,56,71,10,"{'tree__ccp_alpha': 0.004520910745595718, 'tree__max_depth': 56, 'tree__max_leaf_nodes': 71, 'tree__min_samples_split': 10}",0.9342560553633218,0.9353633217993079,0.9325951557093426,0.9340715109573242,0.0011376081205017438,109,56,10,71,0.004520910745595718
73,0.1099995772043864,0.0012937696463045903,0.030742724736531574,0.0021492812058379754,2.527646645579537e-06,16,32,9,"{'tree__ccp_alpha': 2.527646645579537e-06, 'tree__max_depth': 16, 'tree__max_leaf_nodes': 32, 'tree__min_samples_split': 9}",0.9345328719723184,0.9350865051903114,0.9324567474048443,0.9340253748558247,0.0011319810054334866,111,16,9,32,2.527646645579537e-06
148,0.11368870735168457,0.0034822556161895188,0.027600447336832683,0.005384588458317682,9.449817322328534e-05,51,19,8,"{'tree__ccp_alpha': 9.449817322328534e-05, 'tree__max_depth': 51, 'tree__max_leaf_nodes': 19, 'tree__min_samples_split': 8}",0.9342560553633218,0.932318339100346,0.9325951557093426,0.9330565167243368,0.0008556972083502328,112,51,8,19,9.449817322328534e-05
190,0.10671210289001465,0.0025018694255316233,0.028092225392659504,0.001046149216809844,1.0240247760793508e-06,88,19,9,"{'tree__ccp_alpha': 1.0240247760793508e-06, 'tree__max_depth': 88, 'tree__max_leaf_nodes': 19, 'tree__min_samples_split': 9}",0.9342560553633218,0.932318339100346,0.9325951557093426,0.9330565167243368,0.0008556972083502328,112,88,9,19,1.0240247760793508e-06
77,0.10951121648152669,0.0016717713594467747,0.02794957160949707,0.00021178343622884065,0,44,19,5,"{'tree__ccp_alpha': 0, 'tree__max_depth': 44, 'tree__max_leaf_nodes': 19, 'tree__min_samples_split': 5}",0.9342560553633218,0.932318339100346,0.9325951557093426,0.9330565167243368,0.0008556972083502328,112,44,5,19,0.0
172,0.10444863637288411,0.003580236863580253,0.028920968373616535,0.00181117015946772,0,14,34,4,"{'tree__ccp_alpha': 0, 'tree__max_depth': 14, 'tree__max_leaf_nodes': 34, 'tree__min_samples_split': 4}",0.92719723183391,0.9252595155709342,0.9227681660899654,0.9250749711649365,0.0018128611491938643,115,14,4,34,0.0
13,0.11519106229146321,0.0029214925350244687,0.03105648358662923,0.00044444264383814255,1.632803985054947e-05,14,49,6,"{'tree__ccp_alpha': 1.632803985054947e-05, 'tree__max_depth': 14, 'tree__max_leaf_nodes': 49, 'tree__min_samples_split': 6}",0.9267820069204152,0.9253979238754325,0.9229065743944637,0.9250288350634371,0.0016035199259038359,116,14,6,49,1.632803985054947e-05
67,0.10924402872721355,0.002551353121453753,0.027339776357014973,0.00036547695789899374,0,14,41,6,"{'tree__ccp_alpha': 0, 'tree__max_depth': 14, 'tree__max_leaf_nodes': 41, 'tree__min_samples_split': 6}",0.9267820069204152,0.9247058823529412,0.9229065743944637,0.92479815455594,0.0015834834880489583,117,14,6,41,0.0
110,0.10375833511352539,0.003909643114630578,0.027796506881713867,0.001015742187677993,0,98,16,10,"{'tree__ccp_alpha': 0, 'tree__max_depth': 98, 'tree__max_leaf_nodes': 16, 'tree__min_samples_split': 10}",0.9253979238754325,0.9248442906574394,0.9217993079584775,0.9240138408304498,0.0015821387035277604,118,98,10,16,0.0
81,0.10189453760782878,0.0013554818494712247,0.0287783145904541,0.001695182152238031,0,45,16,10,"{'tree__ccp_alpha': 0, 'tree__max_depth': 45, 'tree__max_leaf_nodes': 16, 'tree__min_samples_split': 10}",0.9253979238754325,0.9248442906574394,0.9217993079584775,0.9240138408304498,0.0015821387035277604,118,45,10,16,0.0
89,0.18796579043070474,0.0036672589915205797,0.028555631637573242,0.0011238226039535961,0.00715643936126696,53,64,10,"{'tree__ccp_alpha': 0.00715643936126696, 'tree__max_depth': 53, 'tree__max_leaf_nodes': 64, 'tree__min_samples_split': 10}",0.9253979238754325,0.9223529411764706,0.9197231833910035,0.9224913494809689,0.0023187694344874842,120,53,10,64,0.00715643936126696
191,0.1718574364980062,0.0015095775583369951,0.025158087412516277,0.00350882723935495,0.007266572842166215,100,56,6,"{'tree__ccp_alpha': 0.007266572842166215, 'tree__max_depth': 100, 'tree__max_leaf_nodes': 56, 'tree__min_samples_split': 6}",0.9253979238754325,0.9223529411764706,0.9197231833910035,0.9224913494809689,0.0023187694344874842,120,100,6,56,0.007266572842166215
104,0.15707866350809732,0.0015725525872007902,0.027952829996744793,0.002295413237836348,0.007180342158839852,87,45,6,"{'tree__ccp_alpha': 0.007180342158839852, 'tree__max_depth': 87, 'tree__max_leaf_nodes': 45, 'tree__min_samples_split': 6}",0.9253979238754325,0.9223529411764706,0.9197231833910035,0.9224913494809689,0.0023187694344874842,120,87,6,45,0.007180342158839852
192,0.09947951634724934,0.0007617143473919726,0.02761252721150716,0.004959447786054331,7.121867783384554e-05,19,15,6,"{'tree__ccp_alpha': 7.121867783384554e-05, 'tree__max_depth': 19, 'tree__max_leaf_nodes': 15, 'tree__min_samples_split': 6}",0.9240138408304498,0.9223529411764706,0.9197231833910035,0.9220299884659746,0.0017664765600070647,123,19,6,15,7.121867783384554e-05
143,0.09960389137268066,0.0014998878134240344,0.026811520258585613,0.001434425381819456,0,58,15,2,"{'tree__ccp_alpha': 0, 'tree__max_depth': 58, 'tree__max_leaf_nodes': 15, 'tree__min_samples_split': 2}",0.9240138408304498,0.9223529411764706,0.9197231833910035,0.9220299884659746,0.0017664765600070647,123,58,2,15,0.0
182,0.10310554504394531,0.0015862598645868431,0.02717932065327962,0.0014733518749780428,0.010151989984352133,85,17,4,"{'tree__ccp_alpha': 0.010151989984352133, 'tree__max_depth': 85, 'tree__max_leaf_nodes': 17, 'tree__min_samples_split': 4}",0.9161245674740485,0.9223529411764706,0.9197231833910035,0.9194002306805076,0.002552956924061247,125,85,4,17,0.010151989984352133
94,0.10275697708129883,0.0019067661170741731,0.02929846445719401,0.00247804479943644,0.0011121280321112492,13,30,10,"{'tree__ccp_alpha': 0.0011121280321112492, 'tree__max_depth': 13, 'tree__max_leaf_nodes': 30, 'tree__min_samples_split': 10}",0.9172318339100346,0.9188927335640138,0.9155709342560554,0.9172318339100346,0.001356118888738058,126,13,10,30,0.0011121280321112492
88,0.09950915972391765,0.0008040179232042631,0.02698095639546712,0.002034436882257532,1.993505957912036e-06,42,14,6,"{'tree__ccp_alpha': 1.993505957912036e-06, 'tree__max_depth': 42, 'tree__max_leaf_nodes': 14, 'tree__min_samples_split': 6}",0.9161245674740485,0.9177854671280277,0.9150173010380623,0.9163091118800462,0.0011376081205017438,127,42,6,14,1.993505957912036e-06
164,0.09618361790974934,0.0025465539240563445,0.02466408411661784,0.00230848949234617,0,79,14,2,"{'tree__ccp_alpha': 0, 'tree__max_depth': 79, 'tree__max_leaf_nodes': 14, 'tree__min_samples_split': 2}",0.9161245674740485,0.9177854671280277,0.9150173010380623,0.9163091118800462,0.0011376081205017438,127,79,2,14,0.0
47,0.13131181399027506,0.002019846839918435,0.030936479568481445,0.00269682698580878,0.011819272755093244,24,49,2,"{'tree__ccp_alpha': 0.011819272755093244, 'tree__max_depth': 24, 'tree__max_leaf_nodes': 49, 'tree__min_samples_split': 2}",0.9086505190311419,0.9177854671280277,0.9150173010380623,0.9138177623990772,0.0038245687245328903,129,24,2,49,0.011819272755093244
178,0.11153427759806316,0.006989693747163222,0.03019865353902181,0.002642272073982838,7.253225975799176e-05,12,56,8,"{'tree__ccp_alpha': 7.253225975799176e-05, 'tree__max_depth': 12, 'tree__max_leaf_nodes': 56, 'tree__min_samples_split': 8}",0.911280276816609,0.9140484429065744,0.9115570934256055,0.9122952710495963,0.0012448200750387224,130,12,8,56,7.253225975799176e-05
41,0.11403298377990723,0.0006919640237806561,0.03397456804911295,0.0010622323281765924,7.773848264670023e-05,12,45,5,"{'tree__ccp_alpha': 7.773848264670023e-05, 'tree__max_depth': 12, 'tree__max_leaf_nodes': 45, 'tree__min_samples_split': 5}",0.9114186851211072,0.9136332179930796,0.9114186851211072,0.912156862745098,0.0010439408072881243,131,12,5,45,7.773848264670023e-05
114,0.10135269165039062,0.003029808244116444,0.030642906824747723,0.0010729698982386547,4.508683003145669e-06,23,13,10,"{'tree__ccp_alpha': 4.508683003145669e-06, 'tree__max_depth': 23, 'tree__max_leaf_nodes': 13, 'tree__min_samples_split': 10}",0.9086505190311419,0.9107266435986159,0.9083737024221453,0.9092502883506345,0.0010500398317638557,132,23,10,13,4.508683003145669e-06
185,0.09634717305501302,0.00284149483999251,0.02427045504252116,0.0013432580376041396,0,35,13,3,"{'tree__ccp_alpha': 0, 'tree__max_depth': 35, 'tree__max_leaf_nodes': 13, 'tree__min_samples_split': 3}",0.9086505190311419,0.9107266435986159,0.9083737024221453,0.9092502883506345,0.0010500398317638557,132,35,3,13,0.0
62,0.18485649426778158,0.0037290945837741892,0.03063352902730306,0.0036894444317794304,0.01300718143594606,90,56,5,"{'tree__ccp_alpha': 0.01300718143594606, 'tree__max_depth': 90, 'tree__max_leaf_nodes': 56, 'tree__min_samples_split': 5}",0.9086505190311419,0.9107266435986159,0.9083737024221453,0.9092502883506345,0.0010500398317638557,132,90,5,56,0.01300718143594606
115,0.19953815142313638,0.004944961738733348,0.02942180633544922,0.0012962690903773088,0.012999516374700211,61,71,4,"{'tree__ccp_alpha': 0.012999516374700211, 'tree__max_depth': 61, 'tree__max_leaf_nodes': 71, 'tree__min_samples_split': 4}",0.9086505190311419,0.9107266435986159,0.9083737024221453,0.9092502883506345,0.0010500398317638557,132,61,4,71,0.012999516374700211
17,0.10224652290344238,0.0011053648102723015,0.03979118665059408,0.003365734098707616,0.0005553425238574586,54,13,10,"{'tree__ccp_alpha': 0.0005553425238574586, 'tree__max_depth': 54, 'tree__max_leaf_nodes': 13, 'tree__min_samples_split': 10}",0.9086505190311419,0.9107266435986159,0.9083737024221453,0.9092502883506345,0.0010500398317638557,132,54,10,13,0.0005553425238574586
176,0.1440147558848063,0.0031121592295175297,0.029872020085652668,0.0030701758513331373,0.014960986774986926,41,39,2,"{'tree__ccp_alpha': 0.014960986774986926, 'tree__max_depth': 41, 'tree__max_leaf_nodes': 39, 'tree__min_samples_split': 2}",0.9086505190311419,0.9107266435986159,0.9083737024221453,0.9092502883506345,0.0010500398317638557,132,41,2,39,0.014960986774986926
194,0.09477122624715169,0.0018821244693651314,0.027434666951497395,0.0009192043821774705,0,83,13,10,"{'tree__ccp_alpha': 0, 'tree__max_depth': 83, 'tree__max_leaf_nodes': 13, 'tree__min_samples_split': 10}",0.9086505190311419,0.9107266435986159,0.9083737024221453,0.9092502883506345,0.0010500398317638557,132,83,10,13,0.0
7,0.10294413566589355,0.009350178432521084,0.0380863348642985,0.005412703753462502,2.2772569424236563e-06,47,13,7,"{'tree__ccp_alpha': 2.2772569424236563e-06, 'tree__max_depth': 47, 'tree__max_leaf_nodes': 13, 'tree__min_samples_split': 7}",0.9086505190311419,0.9107266435986159,0.9083737024221453,0.9092502883506345,0.0010500398317638557,132,47,7,13,2.2772569424236563e-06
101,0.0980077584584554,0.0014035133244429078,0.02846105893452962,0.001114968885920874,0,82,13,4,"{'tree__ccp_alpha': 0, 'tree__max_depth': 82, 'tree__max_leaf_nodes': 13, 'tree__min_samples_split': 4}",0.9086505190311419,0.9107266435986159,0.9083737024221453,0.9092502883506345,0.0010500398317638557,132,82,4,13,0.0
92,0.0897068977355957,0.000718413798555643,0.02966030438741048,0.0005910660357528554,0,67,12,8,"{'tree__ccp_alpha': 0, 'tree__max_depth': 67, 'tree__max_leaf_nodes': 12, 'tree__min_samples_split': 8}",0.8960553633217994,0.8993771626297578,0.8964705882352941,0.8973010380622837,0.0014777962978589734,141,67,8,12,0.0
49,0.0937799612681071,0.0042622807193344716,0.029198567072550457,0.002199547235635164,0,54,12,8,"{'tree__ccp_alpha': 0, 'tree__max_depth': 54, 'tree__max_leaf_nodes': 12, 'tree__min_samples_split': 8}",0.8960553633217994,0.8993771626297578,0.8964705882352941,0.8973010380622837,0.0014777962978589734,141,54,8,12,0.0
132,0.09343902269999187,0.004756220380700562,0.027690649032592773,0.004357116082103941,0,90,12,5,"{'tree__ccp_alpha': 0, 'tree__max_depth': 90, 'tree__max_leaf_nodes': 12, 'tree__min_samples_split': 5}",0.8960553633217994,0.8993771626297578,0.8964705882352941,0.8973010380622837,0.0014777962978589734,141,90,5,12,0.0
59,0.10819379488627116,0.015889945955631604,0.034508307774861656,0.0038840143355113425,0,79,12,5,"{'tree__ccp_alpha': 0, 'tree__max_depth': 79, 'tree__max_leaf_nodes': 12, 'tree__min_samples_split': 5}",0.8960553633217994,0.8993771626297578,0.8964705882352941,0.8973010380622837,0.0014777962978589734,141,79,5,12,0.0
72,0.09689521789550781,0.002402522156020837,0.029439369837443035,0.002850115151235727,0,10,84,10,"{'tree__ccp_alpha': 0, 'tree__max_depth': 10, 'tree__max_leaf_nodes': 84, 'tree__min_samples_split': 10}",0.8853979238754325,0.8888581314878893,0.8866435986159169,0.8869665513264128,0.001430963083669765,145,10,10,84,0.0
15,0.0947108268737793,0.003168467759249241,0.03656005859375,0.0026832377897985323,0,9,37,10,"{'tree__ccp_alpha': 0, 'tree__max_depth': 9, 'tree__max_leaf_nodes': 37, 'tree__min_samples_split': 10}",0.871280276816609,0.8744636678200692,0.8715570934256055,0.8724336793540947,0.0014398603491882255,146,9,10,37,0.0
68,0.09309959411621094,0.0010271013908196137,0.027653932571411133,0.0004376579403225774,0,9,45,8,"{'tree__ccp_alpha': 0, 'tree__max_depth': 9, 'tree__max_leaf_nodes': 45, 'tree__min_samples_split': 8}",0.8714186851211073,0.8737716262975779,0.8716955017301038,0.8722952710495964,0.001050039831763877,147,9,8,45,0.0
135,0.09251912434895833,0.0004316431839081808,0.026814778645833332,0.0014768250244044149,0,9,69,6,"{'tree__ccp_alpha': 0, 'tree__max_depth': 9, 'tree__max_leaf_nodes': 69, 'tree__min_samples_split': 6}",0.8714186851211073,0.8739100346020762,0.8714186851211073,0.8722491349480969,0.0011744334081991072,148,9,6,69,0.0
120,0.08490761121114095,0.0037774027756381635,0.029780864715576172,0.0035138293091335157,0.00019938600692694238,94,10,4,"{'tree__ccp_alpha': 0.00019938600692694238, 'tree__max_depth': 94, 'tree__max_leaf_nodes': 10, 'tree__min_samples_split': 4}",0.8686505190311419,0.871280276816609,0.8683737024221453,0.8694348327566321,0.0013098103406300923,149,94,4,10,0.00019938600692694238
169,0.0918279488881429,0.005276253727498497,0.027950445810953777,0.005621378620902291,0,31,10,8,"{'tree__ccp_alpha': 0, 'tree__max_depth': 31, 'tree__max_leaf_nodes': 10, 'tree__min_samples_split': 8}",0.8686505190311419,0.871280276816609,0.8683737024221453,0.8694348327566321,0.0013098103406300923,149,31,8,10,0.0
106,0.08783578872680664,0.0019492005481696359,0.027657508850097656,0.0004050502682688562,0,59,10,3,"{'tree__ccp_alpha': 0, 'tree__max_depth': 59, 'tree__max_leaf_nodes': 10, 'tree__min_samples_split': 3}",0.8686505190311419,0.871280276816609,0.8683737024221453,0.8694348327566321,0.0013098103406300923,149,59,3,10,0.0
173,0.08587185541788737,0.0042725503450099615,0.02409966786702474,0.003706577133783709,0,9,10,5,"{'tree__ccp_alpha': 0, 'tree__max_depth': 9, 'tree__max_leaf_nodes': 10, 'tree__min_samples_split': 5}",0.8686505190311419,0.871280276816609,0.8683737024221453,0.8694348327566321,0.0013098103406300923,149,9,5,10,0.0
116,0.09120631217956543,0.002017817131659112,0.026473204294840496,0.0024111850133421964,0,8,65,5,"{'tree__ccp_alpha': 0, 'tree__max_depth': 8, 'tree__max_leaf_nodes': 65, 'tree__min_samples_split': 5}",0.8556401384083046,0.8573010380622837,0.8549480968858132,0.8559630911188005,0.0009873556889980334,153,8,5,65,0.0
193,0.08511821428934734,0.006086016980853781,0.02858122189839681,0.0032916317840621426,0.02365109710053936,8,25,7,"{'tree__ccp_alpha': 0.02365109710053936, 'tree__max_depth': 8, 'tree__max_leaf_nodes': 25, 'tree__min_samples_split': 7}",0.8530103806228374,0.8541176470588235,0.8520415224913495,0.8530565167243368,0.0008482019059215917,154,8,7,25,0.02365109710053936
24,0.08536648750305176,0.0015987547462661127,0.03795019785563151,0.0033961436917516376,0,25,7,10,"{'tree__ccp_alpha': 0, 'tree__max_depth': 25, 'tree__max_leaf_nodes': 7, 'tree__min_samples_split': 10}",0.8114878892733564,0.8155017301038062,0.8142560553633218,0.8137485582468281,0.0016774771822558742,155,25,10,7,0.0
136,0.07666643460591634,0.002699938292168107,0.029757579167683918,0.0011537199011398514,0,95,7,4,"{'tree__ccp_alpha': 0, 'tree__max_depth': 95, 'tree__max_leaf_nodes': 7, 'tree__min_samples_split': 4}",0.8114878892733564,0.8155017301038062,0.8142560553633218,0.8137485582468281,0.0016774771822558742,155,95,4,7,0.0
48,0.07674026489257812,0.0014341551285790522,0.029430866241455078,0.0009014484039291719,0,5,26,9,"{'tree__ccp_alpha': 0, 'tree__max_depth': 5, 'tree__max_leaf_nodes': 26, 'tree__min_samples_split': 9}",0.791280276816609,0.7929411764705883,0.7947404844290658,0.7929873125720878,0.0014130004919136133,157,5,9,26,0.0
163,0.0721575419108073,0.004361932137692783,0.029438018798828125,0.0031136257214844977,0,45,6,5,"{'tree__ccp_alpha': 0, 'tree__max_depth': 45, 'tree__max_leaf_nodes': 6, 'tree__min_samples_split': 5}",0.7900346020761245,0.7916955017301038,0.7930795847750866,0.791603229527105,0.0012448200750387497,158,45,5,6,0.0
6,0.1266493797302246,0.001824193019151357,0.028266191482543945,0.0010500177986793543,0.046901381069782276,19,72,4,"{'tree__ccp_alpha': 0.046901381069782276, 'tree__max_depth': 19, 'tree__max_leaf_nodes': 72, 'tree__min_samples_split': 4}",0.7514186851211073,0.7916955017301038,0.7555709342560554,0.7662283737024221,0.018087587838135775,159,19,4,72,0.046901381069782276
144,0.07057229677836101,6.289592779222502e-05,0.029201825459798176,0.00035327044032874144,2.386194150053441e-05,72,5,7,"{'tree__ccp_alpha': 2.386194150053441e-05, 'tree__max_depth': 72, 'tree__max_leaf_nodes': 5, 'tree__min_samples_split': 7}",0.7514186851211073,0.7573702422145329,0.7555709342560554,0.7547866205305652,0.002492203706771738,160,72,7,5,2.386194150053441e-05
128,0.07314459482828777,0.0035149736082880473,0.024500528971354168,0.002126109398029255,0,98,5,6,"{'tree__ccp_alpha': 0, 'tree__max_depth': 98, 'tree__max_leaf_nodes': 5, 'tree__min_samples_split': 6}",0.7514186851211073,0.7573702422145329,0.7555709342560554,0.7547866205305652,0.002492203706771738,160,98,6,5,0.0
107,0.19813982645670572,0.0012416964932519014,0.027736902236938477,0.00046387004518099226,0.04889098718415742,89,74,10,"{'tree__ccp_alpha': 0.04889098718415742, 'tree__max_depth': 89, 'tree__max_leaf_nodes': 74, 'tree__min_samples_split': 10}",0.7147404844290658,0.7197231833910035,0.7555709342560554,0.7300115340253749,0.0181873404203841,162,89,10,74,0.04889098718415742
9,0.12433354059855144,0.0034874425993117295,0.038953701655069985,0.0010950237757861919,0.05046481835451297,29,25,9,"{'tree__ccp_alpha': 0.05046481835451297, 'tree__max_depth': 29, 'tree__max_leaf_nodes': 25, 'tree__min_samples_split': 9}",0.7147404844290658,0.7197231833910035,0.7201384083044983,0.7182006920415226,0.0024526014043832855,163,29,9,25,0.05046481835451297
141,0.07128135363260905,0.0017363692166268553,0.024195035298665363,0.0019703147018086645,0,7,4,10,"{'tree__ccp_alpha': 0, 'tree__max_depth': 7, 'tree__max_leaf_nodes': 4, 'tree__min_samples_split': 10}",0.7147404844290658,0.7197231833910035,0.7201384083044983,0.7182006920415226,0.0024526014043832855,163,7,10,4,0.0
69,0.19240736961364746,0.00203156358865606,0.027001301447550457,0.0018607253769292492,0.07692690244240775,84,68,7,"{'tree__ccp_alpha': 0.07692690244240775, 'tree__max_depth': 84, 'tree__max_leaf_nodes': 68, 'tree__min_samples_split': 7}",0.7147404844290658,0.7197231833910035,0.7201384083044983,0.7182006920415226,0.0024526014043832855,163,84,7,68,0.07692690244240775
16,0.13077410062154135,0.000517825004680528,0.03586371739705404,0.0010601995047372409,0.11621337868404255,25,31,4,"{'tree__ccp_alpha': 0.11621337868404255, 'tree__max_depth': 25, 'tree__max_leaf_nodes': 31, 'tree__min_samples_split': 4}",0.5259515570934256,0.5258131487889274,0.5260899653979239,0.5259515570934256,0.00011300990739481552,166,25,4,31,0.11621337868404255
2,0.1253795623779297,0.008198788393670314,0.02930911382039388,0.002173777864402347,0.10350865051598614,31,25,4,"{'tree__ccp_alpha': 0.10350865051598614, 'tree__max_depth': 31, 'tree__max_leaf_nodes': 25, 'tree__min_samples_split': 4}",0.5259515570934256,0.5258131487889274,0.5260899653979239,0.5259515570934256,0.00011300990739481552,166,31,4,25,0.10350865051598614
126,0.05897704760233561,0.0020327018311326224,0.029710928599039715,0.0022546769614877984,0,20,2,7,"{'tree__ccp_alpha': 0, 'tree__max_depth': 20, 'tree__max_leaf_nodes': 2, 'tree__min_samples_split': 7}",0.5259515570934256,0.5258131487889274,0.5260899653979239,0.5259515570934256,0.00011300990739481552,166,20,7,2,0.0
188,0.15803798039754233,0.0028119464725141563,0.025819142659505207,0.0032986964509734984,4.259441758124051,37,58,7,"{'tree__ccp_alpha': 4.259441758124051, 'tree__max_depth': 37, 'tree__max_leaf_nodes': 58, 'tree__min_samples_split': 7}",0.398477508650519,0.398477508650519,0.39833910034602077,0.3984313725490196,6.524630045549141e-05,169,37,7,58,4.259441758124051
83,0.1734317938486735,0.003014038110306795,0.027805805206298828,0.003867186899116586,0.7500881529536868,50,55,5,"{'tree__ccp_alpha': 0.7500881529536868, 'tree__max_depth': 50, 'tree__max_leaf_nodes': 55, 'tree__min_samples_split': 5}",0.398477508650519,0.398477508650519,0.39833910034602077,0.3984313725490196,6.524630045549141e-05,169,50,5,55,0.7500881529536868
11,0.1332221825917562,0.00476122349906698,0.03810763359069824,0.0031924676203778555,13.877038902804209,69,30,8,"{'tree__ccp_alpha': 13.877038902804209, 'tree__max_depth': 69, 'tree__max_leaf_nodes': 30, 'tree__min_samples_split': 8}",0.398477508650519,0.398477508650519,0.39833910034602077,0.3984313725490196,6.524630045549141e-05,169,69,8,30,13.877038902804209
85,0.21361883481343588,0.0026284916524678594,0.026435295740763348,0.0012681472095038174,0.3820136727478975,89,80,8,"{'tree__ccp_alpha': 0.3820136727478975, 'tree__max_depth': 89, 'tree__max_leaf_nodes': 80, 'tree__min_samples_split': 8}",0.398477508650519,0.398477508650519,0.39833910034602077,0.3984313725490196,6.524630045549141e-05,169,89,8,80,0.3820136727478975
84,0.10022703806559245,0.0004914162750065575,0.027067899703979492,0.0006525684483914115,0.22560503812929134,11,80,9,"{'tree__ccp_alpha': 0.22560503812929134, 'tree__max_depth': 11, 'tree__max_leaf_nodes': 80, 'tree__min_samples_split': 9}",0.398477508650519,0.398477508650519,0.39833910034602077,0.3984313725490196,6.524630045549141e-05,169,11,9,80,0.22560503812929134
70,0.13493768374125162,0.0019714869964737305,0.02909572919209798,0.0020409134064358013,27.002296859075095,59,32,3,"{'tree__ccp_alpha': 27.002296859075095, 'tree__max_depth': 59, 'tree__max_leaf_nodes': 32, 'tree__min_samples_split': 3}",0.398477508650519,0.398477508650519,0.39833910034602077,0.3984313725490196,6.524630045549141e-05,169,59,3,32,27.002296859075095
26,0.13713653882344565,0.0016775172038772939,0.03694383303324381,0.0016921679146028122,0.18552784812579512,90,30,3,"{'tree__ccp_alpha': 0.18552784812579512, 'tree__max_depth': 90, 'tree__max_leaf_nodes': 30, 'tree__min_samples_split': 3}",0.398477508650519,0.398477508650519,0.39833910034602077,0.3984313725490196,6.524630045549141e-05,169,90,3,30,0.18552784812579512
60,0.16745448112487793,0.009841433785044705,0.04229919115702311,0.0017427948831268488,17.74646104982113,92,19,8,"{'tree__ccp_alpha': 17.74646104982113, 'tree__max_depth': 92, 'tree__max_leaf_nodes': 19, 'tree__min_samples_split': 8}",0.398477508650519,0.398477508650519,0.39833910034602077,0.3984313725490196,6.524630045549141e-05,169,92,8,19,17.74646104982113
124,0.17820080121358237,0.0019915269349302595,0.02855237325032552,0.003415488149905957,12.80133520054362,42,93,6,"{'tree__ccp_alpha': 12.80133520054362, 'tree__max_depth': 42, 'tree__max_leaf_nodes': 93, 'tree__min_samples_split': 6}",0.398477508650519,0.398477508650519,0.39833910034602077,0.3984313725490196,6.524630045549141e-05,169,42,6,93,12.80133520054362
58,0.17180800437927246,0.003460057255448757,0.031159321467081707,0.002529329629586649,4.578232977256888,35,88,2,"{'tree__ccp_alpha': 4.578232977256888, 'tree__max_depth': 35, 'tree__max_leaf_nodes': 88, 'tree__min_samples_split': 2}",0.398477508650519,0.398477508650519,0.39833910034602077,0.3984313725490196,6.524630045549141e-05,169,35,2,88,4.578232977256888
53,0.18089723587036133,0.0009242272155569991,0.029190937678019207,0.001522777260251375,5.752071499644826,84,60,5,"{'tree__ccp_alpha': 5.752071499644826, 'tree__max_depth': 84, 'tree__max_leaf_nodes': 60, 'tree__min_samples_split': 5}",0.398477508650519,0.398477508650519,0.39833910034602077,0.3984313725490196,6.524630045549141e-05,169,84,5,60,5.752071499644826
52,0.13206195831298828,0.0009668380094514528,0.027621905008951824,0.00030796570920315676,7.953296303426571,54,29,8,"{'tree__ccp_alpha': 7.953296303426571, 'tree__max_depth': 54, 'tree__max_leaf_nodes': 29, 'tree__min_samples_split': 8}",0.398477508650519,0.398477508650519,0.39833910034602077,0.3984313725490196,6.524630045549141e-05,169,54,8,29,7.953296303426571
51,0.18073026339213052,0.002069259048079441,0.028302828470865887,0.0004800384402589929,0.3035544412310372,71,60,10,"{'tree__ccp_alpha': 0.3035544412310372, 'tree__max_depth': 71, 'tree__max_leaf_nodes': 60, 'tree__min_samples_split': 10}",0.398477508650519,0.398477508650519,0.39833910034602077,0.3984313725490196,6.524630045549141e-05,169,71,10,60,0.3035544412310372
102,0.06862099965413411,0.0021185410075172722,0.031606038411458336,0.00019075814078599706,0.1502200206017567,67,4,3,"{'tree__ccp_alpha': 0.1502200206017567, 'tree__max_depth': 67, 'tree__max_leaf_nodes': 4, 'tree__min_samples_split': 3}",0.398477508650519,0.398477508650519,0.39833910034602077,0.3984313725490196,6.524630045549141e-05,169,67,3,4,0.1502200206017567
43,0.10463492075602214,0.0025782610155371,0.024643898010253906,0.002799323049186536,0.6282347515987436,33,15,6,"{'tree__ccp_alpha': 0.6282347515987436, 'tree__max_depth': 33, 'tree__max_leaf_nodes': 15, 'tree__min_samples_split': 6}",0.398477508650519,0.398477508650519,0.39833910034602077,0.3984313725490196,6.524630045549141e-05,169,33,6,15,0.6282347515987436
40,0.09500972429911296,0.0026786432252825774,0.03862206141153971,0.0036478870270951606,7.489504085053487,64,10,6,"{'tree__ccp_alpha': 7.489504085053487, 'tree__max_depth': 64, 'tree__max_leaf_nodes': 10, 'tree__min_samples_split': 6}",0.398477508650519,0.398477508650519,0.39833910034602077,0.3984313725490196,6.524630045549141e-05,169,64,6,10,7.489504085053487
39,0.19836910565694174,0.00032826422230465243,0.03827794392903646,0.0013193081503767297,11.6765196577055,48,94,10,"{'tree__ccp_alpha': 11.6765196577055, 'tree__max_depth': 48, 'tree__max_leaf_nodes': 94, 'tree__min_samples_split': 10}",0.398477508650519,0.398477508650519,0.39833910034602077,0.3984313725490196,6.524630045549141e-05,169,48,10,94,11.6765196577055
198,0.19276746114095053,0.006196238370320915,0.02764781316121419,0.004525556142644234,44.31346999438088,54,82,10,"{'tree__ccp_alpha': 44.31346999438088, 'tree__max_depth': 54, 'tree__max_leaf_nodes': 82, 'tree__min_samples_split': 10}",0.398477508650519,0.398477508650519,0.39833910034602077,0.3984313725490196,6.524630045549141e-05,169,54,10,82,44.31346999438088
96,0.1503941218058268,0.0017606362308913142,0.026170094807942707,0.00097072444515983,36.18665450391275,96,40,2,"{'tree__ccp_alpha': 36.18665450391275, 'tree__max_depth': 96, 'tree__max_leaf_nodes': 40, 'tree__min_samples_split': 2}",0.398477508650519,0.398477508650519,0.39833910034602077,0.3984313725490196,6.524630045549141e-05,169,96,2,40,36.18665450391275
95,0.15382623672485352,0.008497289136272724,0.031117677688598633,0.002895524812788289,0.9561185351746586,56,41,10,"{'tree__ccp_alpha': 0.9561185351746586, 'tree__max_depth': 56, 'tree__max_leaf_nodes': 41, 'tree__min_samples_split': 10}",0.398477508650519,0.398477508650519,0.39833910034602077,0.3984313725490196,6.524630045549141e-05,169,56,10,41,0.9561185351746586
153,0.22414795557657877,0.0037721691299224614,0.027554988861083984,0.0012477111157696062,18.774520103202832,89,94,3,"{'tree__ccp_alpha': 18.774520103202832, 'tree__max_depth': 89, 'tree__max_leaf_nodes': 94, 'tree__min_samples_split': 3}",0.398477508650519,0.398477508650519,0.39833910034602077,0.3984313725490196,6.524630045549141e-05,169,89,3,94,18.774520103202832
32,0.13467137018839517,0.002609214625966661,0.037033796310424805,0.00032211070637392037,0.14400157366420205,27,27,2,"{'tree__ccp_alpha': 0.14400157366420205, 'tree__max_depth': 27, 'tree__max_leaf_nodes': 27, 'tree__min_samples_split': 2}",0.398477508650519,0.398477508650519,0.39833910034602077,0.3984313725490196,6.524630045549141e-05,169,27,2,27,0.14400157366420205
63,0.1644279956817627,0.0014351618333841062,0.025619109471638996,0.002514973592527093,0.8439381624669267,44,48,2,"{'tree__ccp_alpha': 0.8439381624669267, 'tree__max_depth': 44, 'tree__max_leaf_nodes': 48, 'tree__min_samples_split': 2}",0.398477508650519,0.398477508650519,0.39833910034602077,0.3984313725490196,6.524630045549141e-05,169,44,2,48,0.8439381624669267
71,0.22217186292012533,0.0031807722920938683,0.027103185653686523,0.001052985598784483,0.20210608746440784,64,90,5,"{'tree__ccp_alpha': 0.20210608746440784, 'tree__max_depth': 64, 'tree__max_leaf_nodes': 90, 'tree__min_samples_split': 5}",0.398477508650519,0.398477508650519,0.39833910034602077,0.3984313725490196,6.524630045549141e-05,169,64,5,90,0.20210608746440784
159,0.20974858601888022,0.0007163090455965619,0.0296173095703125,0.001141024309070155,14.07895403730721,85,82,9,"{'tree__ccp_alpha': 14.07895403730721, 'tree__max_depth': 85, 'tree__max_leaf_nodes': 82, 'tree__min_samples_split': 9}",0.398477508650519,0.398477508650519,0.39833910034602077,0.3984313725490196,6.524630045549141e-05,169,85,9,82,14.07895403730721
160,0.19853472709655762,0.003963682344295254,0.029801368713378906,0.003183900699418378,20.088702087737932,56,83,2,"{'tree__ccp_alpha': 20.088702087737932, 'tree__max_depth': 56, 'tree__max_leaf_nodes': 83, 'tree__min_samples_split': 2}",0.398477508650519,0.398477508650519,0.39833910034602077,0.3984313725490196,6.524630045549141e-05,169,56,2,83,20.088702087737932
30,0.16072559356689453,0.0006140587336930216,0.03774634997049967,0.0005347678711543364,2.9738512987532864,39,43,6,"{'tree__ccp_alpha': 2.9738512987532864, 'tree__max_depth': 39, 'tree__max_leaf_nodes': 43, 'tree__min_samples_split': 6}",0.398477508650519,0.398477508650519,0.39833910034602077,0.3984313725490196,6.524630045549141e-05,169,39,6,43,2.9738512987532864
29,0.1482388178507487,0.0019929109619083495,0.03453469276428223,0.0036628038119237384,0.6667452790033942,50,34,8,"{'tree__ccp_alpha': 0.6667452790033942, 'tree__max_depth': 50, 'tree__max_leaf_nodes': 34, 'tree__min_samples_split': 8}",0.398477508650519,0.398477508650519,0.39833910034602077,0.3984313725490196,6.524630045549141e-05,169,50,8,34,0.6667452790033942
28,0.14934937159220377,0.006740362875037085,0.041953722635904946,0.0015256597482400404,5.187680536873624,29,32,6,"{'tree__ccp_alpha': 5.187680536873624, 'tree__max_depth': 29, 'tree__max_leaf_nodes': 32, 'tree__min_samples_split': 6}",0.398477508650519,0.398477508650519,0.39833910034602077,0.3984313725490196,6.524630045549141e-05,169,29,6,32,5.187680536873624
167,0.1759662628173828,0.0026750693842234993,0.027213176091512043,0.0011024071767806974,9.590916112116657,92,59,6,"{'tree__ccp_alpha': 9.590916112116657, 'tree__max_depth': 92, 'tree__max_leaf_nodes': 59, 'tree__min_samples_split': 6}",0.398477508650519,0.398477508650519,0.39833910034602077,0.3984313725490196,6.524630045549141e-05,169,92,6,59,9.590916112116657
171,0.10730965932210286,0.0018639618526079158,0.02477089564005534,0.0038554109337370934,5.769185685589465,88,18,5,"{'tree__ccp_alpha': 5.769185685589465, 'tree__max_depth': 88, 'tree__max_leaf_nodes': 18, 'tree__min_samples_split': 5}",0.398477508650519,0.398477508650519,0.39833910034602077,0.3984313725490196,6.524630045549141e-05,169,88,5,18,5.769185685589465
138,0.2180450757344564,0.003604086241876325,0.026683648427327473,0.005164787509867592,16.64315690004232,86,89,8,"{'tree__ccp_alpha': 16.64315690004232, 'tree__max_depth': 86, 'tree__max_leaf_nodes': 89, 'tree__min_samples_split': 8}",0.398477508650519,0.398477508650519,0.39833910034602077,0.3984313725490196,6.524630045549141e-05,169,86,8,89,16.64315690004232
